start_time,start_station_id,end_station_id,start_lat,start_lng,end_lat,end_lng,avgTemp,value,bike_rides_daily
2022-01-01,6014.110703039905,6006.097299732647,40.74013857799493,-73.97394566694956,40.73985586271368,-73.97383200706172,11.6,1.0,20198.0
2022-01-02,5987.113369665663,5977.7179676318665,40.73907798563307,-73.97505856148855,40.73874649216065,-73.97542727997873,11.4,1.0,42203.0
2022-01-03,6042.557976766401,6037.079489707876,40.74067602203201,-73.97535602622168,40.7404635376787,-73.9755290405652,1.4,1.0,32453.0
2022-01-04,6037.297376843514,6032.09961833338,40.74054395074475,-73.97579921830354,40.74035378256161,-73.97584424960543,-2.7,1.0,35869.0
2022-01-05,6034.429442251179,6030.699318154832,40.74051751197355,-73.97578224855906,40.740400953803594,-73.97560673830532,3.2,1.0,33689.0
2022-01-06,6032.02193438249,6030.042212071188,40.74039574227298,-73.97597070327956,40.740316095587616,-73.9761029813757,4.9,1.0,44226.0
2022-01-07,6017.4130413582425,6017.200795441194,40.73992606610784,-73.97553338634806,40.73991727717795,-73.97546180698704,0.7,1.0,17022.0
2022-01-08,5964.5886097377015,5959.073440184371,40.73813125934622,-73.97553210627001,40.737913906233274,-73.97589265671495,-2.5,1.0,23866.0
2022-01-09,5953.15689111069,5945.647277293404,40.73780354327655,-73.97518226861527,40.73755719011956,-73.97544266111659,1.4,1.0,21104.0
2022-01-10,6037.220086913262,6036.204857769974,40.74043755340958,-73.97627920942598,40.74037090951478,-73.976429827361,1.6,1.0,34172.0
2022-01-11,6034.600882352942,6032.446035507439,40.74029387681455,-73.97598980945006,40.740195001846395,-73.97614742769298,-5.4,1.0,26418.0
2022-01-12,6026.669349193669,6025.441967696033,40.73999552726545,-73.97621508975323,40.7399576846886,-73.97616781986908,-1.9,1.0,40058.0
2022-01-13,6028.826137121753,6024.781122671855,40.740074659320946,-73.97635705350966,40.73991822563344,-73.9764627812208,4.0,1.0,50364.0
2022-01-14,6029.464426139242,6022.187259652445,40.740231884165496,-73.97591456992049,40.73994957154136,-73.97637700877249,4.8,1.0,45403.0
2022-01-15,5989.504735260321,5983.471579598692,40.73890946644113,-73.97539895475717,40.73868590450726,-73.97566286376087,-6.7,1.0,22626.0
2022-01-16,5979.812861969112,5974.02438030888,40.738548945603746,-73.97555298369966,40.73831629183052,-73.97589651491674,-8.0,1.0,20720.0
2022-01-17,6003.737615729561,5998.633040808582,40.73929883741751,-73.97590480065624,40.73911231060984,-73.97599968756492,3.9,1.0,28990.0
2022-01-18,6051.7572967289725,6048.269639702789,40.740878967487276,-73.97634944038238,40.74073763328559,-73.97649421054811,1.8,1.0,42800.0
2022-01-19,6042.3099066062605,6038.086239717761,40.740560525846455,-73.97639554813124,40.7404131446,-73.97644318137235,3.2,1.0,53858.0
2022-01-20,6043.234105175885,6039.892565514791,40.7406666039377,-73.97586788149742,40.740560014411045,-73.97577807017262,5.1,1.0,33772.0
2022-01-21,6026.8454069871605,6021.907631681157,40.74011432830115,-73.97607314875293,40.739891380941366,-73.97628092135692,-6.0,1.0,33490.0
2022-01-22,5972.905016341923,5967.302271041549,40.738317846875404,-73.9761900668013,40.738100321437166,-73.97656212086831,-5.9,1.0,31820.0
2022-01-23,5981.430118312601,5973.737468901122,40.7385810260789,-73.97579865933871,40.73828334020985,-73.97602920716267,-0.7,1.0,32879.0
2022-01-24,6031.8499688623915,6028.364729054528,40.74016243585352,-73.97671516871632,40.74005208071804,-73.97677835106356,-0.20000000000000004,1.0,41429.0
2022-01-25,6047.185033977323,6042.088253062031,40.740688071242545,-73.97661665024133,40.74050706246211,-73.9767726975648,3.6,1.0,50622.0
2022-01-26,6030.208856276994,6028.587402873234,40.74010907801309,-73.97676473359091,40.74002132247839,-73.97697827767148,-2.3,1.0,41908.0
2022-01-27,6023.798290234812,6020.321112787799,40.73987640321919,-73.97683713501819,40.73976460603989,-73.97702746013927,-4.2,1.0,43737.0
2022-01-28,6029.245800776197,6029.301827851886,40.740210084492425,-73.97614101148429,40.740200281167965,-73.97631248597263,0.1,1.0,34785.0
2022-01-29,6028.097422570309,6028.939248575499,40.74047432175306,-73.97397532845501,40.7404885590189,-73.97392753522463,-4.8,1.0,2809.0
2022-01-30,6022.4748481295965,6017.24652989449,40.7400060203411,-73.97591988652776,40.73980886972925,-73.97604860576595,-7.1000000000000005,1.0,9383.0
2022-01-31,6092.221783113029,6088.474898390433,40.74231133169271,-73.97713595147951,40.742160595376895,-73.97719633102771,-3.4,1.0,22243.0
2022-02-01,6080.024524061976,6075.763593856889,40.741837780547336,-73.97722074909431,40.74166164374422,-73.97724053830265,-1.7,1.0,29239.0
2022-02-02,6073.381742627346,6070.978305165892,40.74160752999225,-73.97712105409042,40.741526896507835,-73.97711482632063,2.3,1.0,41776.0
2022-02-03,6024.575894967342,6022.1182904821235,40.74003859342886,-73.97614936577273,40.7399653113974,-73.97621145814287,6.4,1.0,26490.0
2022-02-04,5984.450451198419,5982.215707013295,40.73866944453342,-73.9762909504019,40.7385665821755,-73.97626781891275,5.8,1.0,20236.0
2022-02-05,5938.13060348908,5928.390162642862,40.737000534889276,-73.9769232734277,40.73663358118206,-73.97729348590362,-2.8,1.0,29578.0
2022-02-06,5990.084056534892,5981.45685954724,40.738848066468144,-73.97625921735131,40.73853178955657,-73.97644003614099,-4.8,1.0,28761.0
2022-02-07,6032.612926161369,6029.613902001695,40.740241161549584,-73.97689159231754,40.740133918119454,-73.97690795346449,0.5,1.0,30675.0
2022-02-08,6036.218650479628,6034.507895884805,40.740259202750636,-73.97723592447456,40.740170718389884,-73.97748060850043,4.1,1.0,51811.0
2022-02-09,6046.5322183451435,6042.490557066676,40.74067199189179,-73.97719170323361,40.74052557127649,-73.97738986410175,2.8,1.0,55885.0
2022-02-10,6037.695575158215,6030.207985011816,40.74035044070673,-73.97742079134107,40.740077110132624,-73.97761408855082,6.3,1.0,61783.0
2022-02-11,6029.716981986874,6022.090462359586,40.740180865033466,-73.9769878447237,40.73990013982992,-73.97720646622739,8.6,1.0,64453.0
2022-02-12,5977.3995185569875,5962.6157725956045,40.73851710375145,-73.97684298585706,40.73796510738248,-73.9773931465238,11.8,1.0,68357.0
2022-02-13,5996.514989916876,5985.553122970979,40.7391468086752,-73.97599365708345,40.73878226368093,-73.97581424961008,2.8,1.0,20331.0
2022-02-14,6034.794343327764,6031.255040595597,40.74024939470659,-73.97691456466077,40.74009484245415,-73.97724275011369,-4.3,1.0,34119.0
2022-02-15,6057.674147317459,6054.657359632439,40.74101233746753,-73.97724758845119,40.74091341107887,-73.97719678999756,-4.7,1.0,40484.0
2022-02-16,6052.013357189451,6043.7205138479885,40.740865238596335,-73.97727408974127,40.74056097758,-73.97722966419825,1.6,1.0,53655.0
2022-02-17,6053.831628317796,6047.43634285375,40.740934016383044,-73.9771591846317,40.74069341269572,-73.97740357018844,11.6,1.0,67364.0
2022-02-18,6041.493558099453,6034.962508457987,40.74065161386757,-73.97632681243633,40.74037825057021,-73.97667138104978,9.9,1.0,46997.0
2022-02-19,5998.92578919753,5992.6763793209875,40.739157822515146,-73.97615518922716,40.73892541214314,-73.97645353758377,0.1,1.0,32400.0
2022-02-20,5992.8832936853305,5982.37917794971,40.73898545717656,-73.97623929225718,40.73861822257465,-73.97641768811492,-2.6,1.0,31023.0
2022-02-21,6017.8099818428545,6011.107432912844,40.73979488369112,-73.97668701922453,40.73956485126455,-73.97683614230488,4.1,1.0,52321.0
2022-02-22,6041.06758501441,6043.516320469891,40.74055204293278,-73.97677873904667,40.74058225089519,-73.97698828167695,5.6,1.0,36435.0
2022-02-23,6045.679054692571,6044.055521202881,40.7405987903267,-73.97716755639283,40.74053341780312,-73.97737253607069,14.4,1.0,66243.0
2022-02-24,6055.698880702304,6054.967132586787,40.740835396115955,-73.97728347302194,40.7407883692329,-73.97749529358262,1.1,1.0,44653.0
2022-02-25,6009.17396923685,6002.040179189038,40.73923079996828,-73.97719235917745,40.7390340609636,-73.97715779416986,0.8,1.0,30362.0
2022-02-26,5940.790575835227,5935.041428951313,40.73715774319092,-73.97573590620998,40.736950546531986,-73.97607992394522,-1.1,1.0,41366.0
2022-02-27,5977.758515884528,5969.544128395293,40.73841972631748,-73.97597646807007,40.73812119374807,-73.97608989927097,2.4,1.0,42746.0
2022-02-28,6045.374092465002,6044.117327247593,40.74061920935843,-73.97671873910046,40.74055397954293,-73.97674435975813,0.8,1.0,45574.0
2022-03-01,6032.851954456153,6032.397044492471,40.740162410549935,-73.97758205163596,40.740151003815114,-73.97756232214347,2.6,1.0,55990.0
2022-03-02,6028.711500029819,6026.5504713337805,40.74006541950965,-73.9771642031753,40.73999033910038,-73.97717636734626,7.7,1.0,67072.0
2022-03-03,6031.375978794885,6029.0444496224845,40.74013040792389,-73.97711908745747,40.740017735808415,-73.97745979789116,5.6,1.0,55364.0
2022-03-04,6029.023843660668,6022.529373288775,40.7401171039005,-73.97655552448987,40.73987655705462,-73.97679342886856,-1.9,1.0,49674.0
2022-03-05,5977.833069196864,5967.227807922607,40.73840792949807,-73.97632549878509,40.73801556701051,-73.97658664971625,3.1,1.0,51274.0
2022-03-06,5983.281351996328,5969.902259284416,40.73875320405144,-73.9761332075351,40.73830089447906,-73.97615372533892,9.6,1.0,54475.0
2022-03-07,6024.294880127392,6025.9915609425225,40.740026918908924,-73.97662218871822,40.740085387899136,-73.97678691406082,18.2,1.0,67822.0
2022-03-08,6041.910022052314,6038.363572336966,40.74045904956619,-73.97716275411918,40.74032573251124,-73.97728987602493,8.7,1.0,62126.0
2022-03-09,6017.828688168212,6014.161296071861,40.73969792753836,-73.97684100981505,40.73956399345375,-73.97665444376416,3.2,1.0,28060.0
2022-03-10,6034.423044143489,6030.3218410447535,40.74016262648381,-73.97735490058437,40.740026337045386,-73.97749133828997,4.0,1.0,66012.0
2022-03-11,6015.945595898324,6010.343805135908,40.73971356266753,-73.97662983038965,40.739509184158585,-73.97682053304479,7.2,1.0,69240.0
2022-03-12,5970.497544307676,5966.818996884417,40.738181934671175,-73.97577654570094,40.738101532190896,-73.97550438533284,5.1,1.0,19579.0
2022-03-13,5959.803128674918,5951.651987200312,40.7378688131627,-73.97587412328858,40.73754455979681,-73.97629429627018,-2.3,1.0,30783.0
2022-03-14,6044.810539800167,6039.918805998512,40.74075214186245,-73.97643364940042,40.740586864553876,-73.97640483172172,5.3,1.0,63153.0
2022-03-15,6020.389864995056,6014.550682665246,40.73983272849228,-73.97699060240085,40.73963972232825,-73.97697246173072,11.6,1.0,78886.0
2022-03-16,6032.161462695371,6026.299913123617,40.74030259949174,-73.97711807203225,40.74009108842628,-73.97728011050403,13.6,1.0,81385.0
2022-03-17,5997.628519511707,5990.983051213801,40.73896952173825,-73.97712699368256,40.73877460764357,-73.97683411203877,8.2,1.0,49970.0
2022-03-18,6027.892443492615,6015.645703650155,40.740216435299416,-73.97677009796723,40.739789778377514,-73.97710291014246,13.9,1.0,92687.0
2022-03-19,5963.208866062929,5949.341824883251,40.73797354350383,-73.97690411849588,40.73746739316147,-73.97728464747843,13.1,1.0,77738.0
2022-03-20,5966.759043704555,5962.001256085239,40.738140744823745,-73.97616032311498,40.737964098401946,-73.97639276193965,14.3,1.0,65325.0
2022-03-21,6017.051921336487,6015.3565438462165,40.739759260026744,-73.97677176834907,40.739701693156555,-73.97677627507433,10.4,1.0,73147.0
2022-03-22,6035.648370425552,6033.243146726622,40.740328789224286,-73.97700682107437,40.740248905900266,-73.97702994401538,10.7,1.0,75173.0
2022-03-23,6051.51325298035,6047.066884167599,40.740925739751574,-73.97676730795797,40.74075004215929,-73.97714946378207,7.2,1.0,60816.0
2022-03-24,6009.608385806987,6009.581151266197,40.7393600888716,-73.97760864789838,40.73936116054665,-73.97756310942506,5.7,1.0,45771.0
2022-03-25,6031.431927957319,6020.131523762403,40.74028054336907,-73.97680103020602,40.739904199768816,-73.97716619639748,9.6,1.0,74789.0
2022-03-26,5971.942880203635,5962.377227046447,40.73829773748481,-73.97628237000573,40.73794513437064,-73.97653022897022,10.4,1.0,62072.0
2022-03-27,5990.215460153677,5984.389017563118,40.738879029973724,-73.975527826574,40.73866901768506,-73.97586392937912,5.9,1.0,45550.0
2022-03-28,6058.690158775981,6057.624959449883,40.74103812182297,-73.97664454858383,40.74099461122787,-73.97672534745085,-1.5,1.0,38104.0
2022-03-29,6036.295533792021,6033.365616862988,40.74027300282183,-73.97725633310151,40.74015595517457,-73.97730572978769,-1.2,1.0,48399.0
2022-03-30,6038.050917332288,6032.879556140036,40.74041584215803,-73.97715846846448,40.740227281251876,-73.97720310950835,2.6,1.0,61221.0
2022-03-31,6036.906819804054,6035.857887983903,40.740339317432664,-73.97727301896926,40.740310452112766,-73.97736128138447,9.9,1.0,72571.0
2022-04-01,6033.626134755919,6025.251354839653,40.740347811253685,-73.9767035704844,40.74004735454433,-73.97698642825205,13.1,1.0,68421.0
2022-04-02,5947.652012985238,5938.249889274682,40.73748912783184,-73.97664399940753,40.73713960145261,-73.97678738154607,7.2,1.0,73160.0
2022-04-03,5952.129781179261,5950.141718589985,40.73771507426038,-73.97553557816664,40.73765416671212,-73.97527976392051,7.0,1.0,37108.0
2022-04-04,6047.778463325733,6044.799004342206,40.74080756843144,-73.976585944381,40.740713694657565,-73.9765898836369,7.6,1.0,68863.0
2022-04-05,6062.958758489578,6060.640135574538,40.74124920500663,-73.97707355545451,40.7411755705422,-73.97716904977534,9.7,1.0,72590.0
2022-04-06,6033.827041872379,6027.09425596099,40.74032800452198,-73.97688134680946,40.740166872066936,-73.97630710604854,8.6,1.0,48409.0
2022-04-07,6053.247321696749,6051.917341721929,40.74102785714132,-73.97589021769211,40.74086079021995,-73.97687145975377,9.1,1.0,35293.0
2022-04-08,6029.0107011849095,6020.722115137964,40.74025321276331,-73.97680038301563,40.73997106597092,-73.97710355102416,12.799999999999999,1.0,88109.0
2022-04-09,5955.073586022305,5945.590464732389,40.737797564938084,-73.97566829917999,40.73744035693767,-73.97605577451158,11.4,1.0,67250.0
2022-04-10,5972.712639988787,5966.7667498335495,40.738425853980495,-73.97547513224588,40.738214861866716,-73.97572729835277,8.6,1.0,57076.0
2022-04-11,6056.690008765988,6052.760057246839,40.74116001884892,-73.9768147615175,40.7410329575033,-73.9767467468645,8.8,1.0,75295.0
2022-04-12,6003.616750125724,5983.782678787359,40.73935842811217,-73.97770224832954,40.738736860208995,-73.97708114779351,13.400000000000002,1.0,93461.0
2022-04-13,6034.346189419051,6028.048529531031,40.74039413189868,-73.97733623740302,40.74015549645804,-73.97750196887667,15.4,1.0,98653.0
2022-04-14,6052.846029484844,6046.103585218236,40.7409782572964,-73.97726851024056,40.740718429413846,-73.97763266522092,16.3,1.0,90561.0
2022-04-15,6010.510368180813,5999.76706910941,40.73963213250517,-73.97695245985973,40.73924254550715,-73.97736316708229,15.7,1.0,99463.0
2022-04-16,5938.371070649724,5927.522550321669,40.737203679611866,-73.97607594848552,40.736801636726945,-73.97655908083975,15.7,1.0,82081.0
2022-04-17,5997.895066878805,5986.905962922533,40.73942309964585,-73.9747067526932,40.739013144863506,-73.9750255991072,8.3,1.0,54053.0
2022-04-18,6060.945700835695,6058.045307579181,40.74131150211391,-73.97640444305554,40.74116718842966,-73.97674905302598,7.900000000000001,1.0,55762.0
2022-04-19,6061.965699440448,6057.533968602238,40.741168488525396,-73.97723251022815,40.7410179639564,-73.97741264984819,7.6,1.0,58799.0
2022-04-20,6028.80351740161,6023.271346007158,40.74017109056773,-73.97760729200886,40.73998624731354,-73.9775726646626,9.4,1.0,85222.0
2022-04-21,6051.841004828548,6045.1683771675,40.74096914830077,-73.9773767006095,40.74073280904044,-73.97746218604728,10.6,1.0,77464.0
2022-04-22,6018.356035877847,6007.128512954273,40.73993060188193,-73.97707483347104,40.73952299057115,-73.97738549441979,14.6,1.0,97387.0
2022-04-23,5993.556510931131,5971.555363415951,40.739169012495424,-73.97635826675008,40.73840298737,-73.97673078433259,13.3,1.0,94455.0
2022-04-24,5930.446689435775,5912.987620865598,40.737169311795164,-73.975506728814,40.73656098046546,-73.9757339710987,12.8,1.0,83300.0
2022-04-25,6066.590999518006,6062.8852636145775,40.74153481212825,-73.97647816959464,40.741413498415234,-73.97639160211065,10.4,1.0,72615.0
2022-04-26,6057.886446794025,6056.039834043178,40.74115277760856,-73.97722787725242,40.74108441047026,-73.97722112639228,11.5,1.0,74907.0
2022-04-27,6051.92301982542,6047.150811883833,40.740947014784325,-73.97676934958717,40.74076590598492,-73.97703382762998,11.6,1.0,82369.0
2022-04-28,6055.972849113596,6044.934531178301,40.741121678034254,-73.97688528712213,40.74072431670232,-73.97700910673281,8.2,1.0,78469.0
2022-04-29,6040.59768174085,6031.744130779665,40.74069387532284,-73.97644223879816,40.74038287213392,-73.97665546605865,10.4,1.0,86992.0
2022-04-30,5962.760937093276,5951.722783628153,40.73812179183677,-73.97615192975323,40.73772844568906,-73.97630980105865,12.9,1.0,101420.0
2022-05-01,5978.8416402200355,5967.093187968811,40.73870649168088,-73.97548015741013,40.7382868877199,-73.97570762157525,13.6,1.0,94530.0
2022-05-02,6054.671406579695,6051.327377374071,40.74102770476367,-73.97667081007474,40.74093519172853,-73.9764251579055,12.1,1.0,54502.0
2022-05-03,6044.70462549874,6039.589516312165,40.740649793155235,-73.97735545739033,40.74047278802578,-73.9774368681536,12.4,1.0,92487.0
2022-05-04,6036.796488548659,6028.935047834559,40.74045372808087,-73.97694656706679,40.74022844568164,-73.97652254420976,12.0,1.0,79556.0
2022-05-05,6034.387788150971,6027.853369262454,40.74038400665775,-73.97715598224076,40.74016444661164,-73.97728803365226,17.2,1.0,110224.0
2022-05-06,6016.477282206142,6015.837681262642,40.740050648149506,-73.97497035836777,40.74000862545309,-73.97515571768396,14.8,1.0,35104.0
2022-05-07,6075.798799006478,6063.425813726923,40.74245526921928,-73.9732052585212,40.74202925988468,-73.97346777897872,10.0,1.0,20533.0
2022-05-08,6022.311541651382,6005.3910900043065,40.740345574949956,-73.97520811508932,40.73975283153066,-73.97554366846647,10.4,1.0,62699.0
2022-05-09,6058.770765954729,6051.150091355317,40.74133212868775,-73.97648596481737,40.741076998494435,-73.97650292494343,13.5,1.0,93923.0
2022-05-10,6060.3256393034835,6049.836973324149,40.74135678118234,-73.97676690570808,40.74099482572901,-73.97681615546905,15.4,1.0,104522.0
2022-05-11,6054.687078585517,6045.415360331304,40.74120433269423,-73.97669824830837,40.74088985088508,-73.97673924922064,16.1,1.0,106985.0
2022-05-12,6047.985684461461,6039.742234142464,40.74097572292594,-73.97651061602912,40.740715694267024,-73.97657214208006,17.1,1.0,110748.0
2022-05-13,6026.854398086744,6021.6186639790285,40.74035486156784,-73.97612106725546,40.740168244943824,-73.9763110162953,16.0,1.0,95758.0
2022-05-14,5978.311127214777,5963.965561147016,40.73880312445849,-73.97536497189057,40.73829400544193,-73.97580499617808,17.9,1.0,79693.0
2022-05-15,5977.4069001274265,5964.646294853091,40.738775201619795,-73.9757551010545,40.73832650981844,-73.97591182884368,18.8,1.0,108300.0
2022-05-16,6094.239838121094,6088.0572126324305,40.74284666670833,-73.97547814369217,40.742619763466685,-73.97573831229346,20.4,1.0,79196.0
2022-05-17,6057.871080214542,6050.012459449779,40.74133457580286,-73.97649493995944,40.74106227843714,-73.97654316113662,19.7,1.0,117273.0
2022-05-18,6058.072245142945,6050.887295870583,40.7413916227568,-73.97654517862388,40.74113171306447,-73.97660738572912,17.8,1.0,117463.0
2022-05-19,6042.663904201588,6034.6082782126,40.74094662952543,-73.97608150993138,40.74071659324487,-73.97567542792427,15.5,1.0,90088.0
2022-05-20,6025.921789930392,6020.144891698025,40.74037769870689,-73.97562324415333,40.740151146232115,-73.97608293950223,15.400000000000002,1.0,85051.0
2022-05-21,5958.296590701518,5944.98456723325,40.73825783282432,-73.97572072070184,40.73779329955272,-73.97598325060528,21.2,1.0,114968.0
2022-05-22,5968.2613267349725,5956.918290502361,40.73856406082606,-73.97554375903327,40.73816115597411,-73.97563030451384,27.8,1.0,103359.0
2022-05-23,6038.543861924109,6036.771899568055,40.74082841128747,-73.97576865494635,40.740765845626,-73.97576355414454,21.0,1.0,101409.0
2022-05-24,6057.206366499641,6052.988076471543,40.741366254760464,-73.97620359111639,40.741237115378475,-73.97614934447554,17.4,1.0,104778.0
2022-05-25,6045.876932163999,6037.286795656674,40.740955945129706,-73.97638460288896,40.74066392958362,-73.97642692007314,16.2,1.0,114028.0
2022-05-26,6033.261469768951,6028.33041958168,40.74058185196912,-73.97611089012804,40.74039486395325,-73.9761913837733,16.4,1.0,110934.0
2022-05-27,6031.470099740541,6027.6072794770125,40.74065826357041,-73.97480009062974,40.740499790824806,-73.97504176444235,20.2,1.0,89034.0
2022-05-28,5924.895411579075,5914.753673816201,40.73707815252948,-73.97497741244608,40.73673083241513,-73.97510841903963,20.4,1.0,82393.0
2022-05-29,5975.870199631814,5963.339958132906,40.738924175687515,-73.97474409041904,40.738482248059995,-73.97494866136704,20.7,1.0,101036.0
2022-05-30,5995.113872132223,5983.922630778105,40.73967008317525,-73.97459726004008,40.739291713510354,-73.97473341082983,23.3,1.0,100563.0
2022-05-31,6032.850170970029,6030.51319865051,40.74074456784295,-73.97516002783274,40.74068501262359,-73.97492296965943,28.3,1.0,100200.0
2022-06-01,6037.7714851946575,6039.647033841467,40.74078614262632,-73.97576717527086,40.740796168079186,-73.97618959367078,17.8,1.0,87980.0
2022-06-02,6019.2744237937095,6017.986999451566,40.73990788824859,-73.97616556624487,40.73987477807123,-73.97628961107311,20.3,1.0,98469.0
2022-06-03,6036.08611928301,6027.716324565329,40.740801654608006,-73.97571030515614,40.74051874556599,-73.9757164344765,19.5,1.0,120679.0
2022-06-04,5969.5646741564215,5957.956433605444,40.73871028815637,-73.9751183094701,40.73830624170595,-73.97527459535524,21.9,1.0,127286.0
2022-06-05,5981.972843404101,5970.764163887113,40.73906182058277,-73.97489007007881,40.73868223151845,-73.97496595861425,20.0,1.0,115732.0
2022-06-06,6043.6802395095365,6040.468665612964,40.741143558204655,-73.97536928191322,40.74104181192554,-73.97525882647774,22.2,1.0,110102.0
2022-06-07,6061.656006764592,6061.32580259203,40.741590662933035,-73.97591312034938,40.741531548836065,-73.97619377184616,21.8,1.0,103484.0
2022-06-08,6049.497452858402,6042.7366392640915,40.741166760773154,-73.97615705102523,40.74096527595201,-73.9760019599732,23.7,1.0,123730.0
2022-06-09,6053.606605368788,6048.301757734606,40.74139435103235,-73.97598444083545,40.74119576010203,-73.97593699364744,24.4,1.0,114852.0
2022-06-10,6023.617771399601,6017.001138088384,40.74037209860787,-73.97587719014986,40.740150517342414,-73.97602420773107,21.8,1.0,122296.0
2022-06-11,5946.389961416408,5936.759345778996,40.73793679312122,-73.97498899893719,40.737609861692476,-73.97520333863893,21.8,1.0,115340.0
2022-06-12,5985.569307597564,5978.454895961647,40.73927856414933,-73.97448904869904,40.739056100638884,-73.9744049529372,20.5,1.0,90122.0
2022-06-13,6061.39814618901,6056.655464016598,40.7417721637537,-73.97536766121753,40.74159688166585,-73.97531994167382,24.2,1.0,111353.0
2022-06-14,6049.927951913578,6044.075738789592,40.741254510170364,-73.9761331064189,40.74106741831302,-73.97603989499322,23.9,1.0,123488.0
2022-06-15,6039.235051765185,6035.585026746763,40.7408063337674,-73.97626318307769,40.74069357629712,-73.9762650314172,23.3,1.0,127694.0
2022-06-16,6060.539928020111,6054.077250336354,40.74173903984415,-73.97555940112217,40.74155128917848,-73.97528454804663,20.3,1.0,101838.0
2022-06-17,6018.5025232133285,6012.187737368828,40.74036337978646,-73.97522887702374,40.740139543907176,-73.97535662710021,25.2,1.0,119330.0
2022-06-18,5950.920144981035,5942.436624180896,40.73815516663575,-73.97407613275466,40.737840229196244,-73.97432036697661,21.7,1.0,108359.0
2022-06-19,5953.389258725205,5947.620325019686,40.738223289691774,-73.9748104088633,40.738026344175374,-73.97493715817355,17.3,1.0,105413.0
2022-06-20,6013.477641540891,6004.968960157964,40.740005138467914,-73.97596525331747,40.7397123969728,-73.97605350189153,20.5,1.0,113963.0
2022-06-21,6045.188011428341,6044.9739020973375,40.74104547044888,-73.97603000698533,40.7410125759811,-73.97614287574987,22.1,1.0,99230.0
2022-06-22,6066.832321870059,6064.693535454295,40.74175471113812,-73.97573672793213,40.74165678917271,-73.97602752480684,19.1,1.0,94245.0
2022-06-23,6008.390567786988,6006.75928811707,40.73964625122872,-73.97682068971561,40.73960099258901,-73.97672083001426,19.2,1.0,117142.0
2022-06-24,6023.738105296266,6015.380718917872,40.740348455761065,-73.97600663886251,40.740060936393405,-73.9761757855765,21.9,1.0,123995.0
2022-06-25,5965.586801076406,5955.4309576403875,40.73845635616242,-73.97522424809512,40.738102214805394,-73.97534623744949,25.8,1.0,118171.0
2022-06-26,5981.595615460272,5976.09080681313,40.739044067804016,-73.97508623885003,40.73885848027051,-73.97506345997184,27.0,1.0,105742.0
2022-06-27,6060.302499149778,6060.139960444932,40.7417018895141,-73.97462371879976,40.7417276131721,-73.97425901948671,24.3,1.0,79391.0
2022-06-28,6038.081470738838,6033.996732081207,40.74079548446739,-73.97601611293545,40.74065105134065,-73.97590542451768,22.4,1.0,121083.0
2022-06-29,6045.78508773665,6039.370901949471,40.74104368638601,-73.97601213053959,40.74081650933994,-73.97600071389617,23.9,1.0,121331.0
2022-06-30,6047.599607827923,6045.559767718572,40.74116712770316,-73.97556178577632,40.74109612334307,-73.97552956714529,25.4,1.0,115996.0
2022-07-01,6045.569541108431,6036.160151344857,40.74127574102449,-73.97426865654371,40.7409589542682,-73.97437450092201,28.1,1.0,103227.0
2022-07-02,5981.17324420114,5971.9967985912,40.73922309125684,-73.97335825498294,40.73892075939752,-73.97351335289473,28.7,1.0,88597.0
2022-07-03,6001.906952655747,5992.950205238753,40.74000092897181,-73.97359427647028,40.739697547612955,-73.97374260985387,26.9,1.0,89071.0
2022-07-04,5988.334361504589,5978.026962307399,40.739508914516875,-73.97275046302865,40.73912817576472,-73.97286041760862,25.6,1.0,94246.0
2022-07-05,6057.436327632054,6056.107505888186,40.74164270489089,-73.97430402303294,40.74158734875166,-73.9743816760962,25.9,1.0,88753.0
2022-07-06,6051.002881575676,6048.130003108431,40.74129530556252,-73.97520618398553,40.74121138449978,-73.97509049459148,26.0,1.0,112614.0
2022-07-07,6047.008958144005,6042.159147426374,40.741200712732976,-73.9751285710537,40.74105715761628,-73.97505161920441,24.2,1.0,114442.0
2022-07-08,6043.475495519375,6037.517569052887,40.74128681265964,-73.97408882375997,40.741061148016854,-73.97432075613077,23.5,1.0,98090.0
2022-07-09,5964.386073872745,5954.288320041017,40.73853096741404,-73.97465855015093,40.73818802396253,-73.97483947363273,24.7,1.0,122887.0
2022-07-10,5974.493279344149,5967.0953535949475,40.73887862895712,-73.97436209361048,40.738635593648226,-73.97448329281652,23.4,1.0,115270.0
2022-07-11,6055.101417517183,6050.332163325976,40.74155909587229,-73.97491405425616,40.741395969676134,-73.97482482955392,24.0,1.0,111012.0
2022-07-12,6050.777402011762,6049.58063592677,40.74130564030949,-73.9751426519468,40.74126669871383,-73.97510132161351,25.8,1.0,111545.0
2022-07-13,6057.800829379956,6053.701496458136,40.74154335064406,-73.97540935127653,40.74140515057297,-73.97532826946278,28.9,1.0,120573.0
2022-07-14,6054.074952751714,6048.532343383417,40.74146594728978,-73.97517913060658,40.74129007289545,-73.97512954658603,26.6,1.0,120218.0
2022-07-15,6041.445936757434,6034.928471234349,40.741122271230225,-73.97455680354932,40.740914486592786,-73.97460783439818,26.1,1.0,119100.0
2022-07-16,5970.146202794375,5955.6038225832535,40.73866911628549,-73.97522011861821,40.738177188448624,-73.97526561104728,24.3,1.0,111295.0
2022-07-17,5985.698786025333,5975.6223933176125,40.739400641812004,-73.9739961327241,40.739055601116036,-73.97414818650408,25.699999999999996,1.0,110686.0
2022-07-18,5959.071909841086,5968.563275594902,40.73814464452468,-73.97516171289976,40.738497765007295,-73.97493149249972,26.2,1.0,83254.0
2022-07-19,6066.48010484006,6060.041988526924,40.741964019823115,-73.9748637320726,40.74173782233476,-73.9748254486698,28.2,1.0,119421.0
2022-07-20,6053.764359133707,6047.71151001226,40.74150473420763,-73.97522411292748,40.74131395472113,-73.97506531153084,31.3,1.0,117467.0
2022-07-21,6038.974798647854,6031.637820171249,40.74099981500727,-73.97482033973014,40.74076504522298,-73.9748019041976,29.8,1.0,108865.0
2022-07-22,6037.149071514369,6032.142294976154,40.74107936926026,-73.9740825279426,40.74091162353872,-73.97425429514335,30.9,1.0,111560.0
2022-07-23,5993.861256601067,5985.071948214037,40.739652793962264,-73.97373254506307,40.73934704710947,-73.97378246609046,30.300000000000004,1.0,107371.0
2022-07-24,6017.347593211467,6006.321254982888,40.740534194740114,-73.97327327403687,40.74016164433251,-73.97342686459878,31.100000000000005,1.0,99344.0
2022-07-25,6073.808710603508,6068.709244268298,40.742314466028255,-73.97424578545703,40.74216406122714,-73.97409124673187,29.8,1.0,96140.0
2022-07-26,6064.951624766768,6059.427287347667,40.74193284289618,-73.97510355517582,40.741744488192104,-73.97500445396263,25.9,1.0,122197.0
2022-07-27,6064.155214839521,6059.997680477263,40.741851279443395,-73.9752773160931,40.74170492134509,-73.97520712690617,25.5,1.0,124724.0
2022-07-28,6082.1377941214105,6075.4443616676335,40.74251782518661,-73.97488955442223,40.742295628262426,-73.97488564363216,26.7,1.0,117206.0
2022-07-29,6043.117497417582,6036.769651824486,40.74127754156804,-73.97400714522387,40.741049093428074,-73.97418937415799,28.2,1.0,114235.0
2022-07-30,5976.932663632441,5963.2144907132215,40.73906731706985,-73.97418577303489,40.73859678524142,-73.97437820529107,26.7,1.0,122821.0
2022-07-31,6004.203414314732,5991.021797350391,40.74003086861373,-73.97352113642572,40.739578188795655,-73.97368432825506,26.3,1.0,112248.0
2022-08-01,6081.345011141321,6076.389275266025,40.74259853735996,-73.97430942773573,40.74244990059732,-73.9740367094312,23.1,1.0,97836.0
2022-08-02,6070.163892725961,6063.233264509067,40.742101002585976,-73.9750675352533,40.74186533458032,-73.97506167879547,26.4,1.0,120609.0
2022-08-03,6067.5026528499075,6059.624937504515,40.74197752312733,-73.97520843719943,40.741709339975635,-73.97514576294361,27.6,1.0,124585.0
2022-08-04,6057.309438571465,6048.4996880174585,40.74165228377052,-73.97474437346284,40.74136816188158,-73.97476173254545,29.1,1.0,117773.0
2022-08-05,6039.953931677946,6032.0965404432745,40.7412488743503,-73.9737000759869,40.74099235427189,-73.97384535098624,29.3,1.0,113932.0
2022-08-06,6006.62072465307,5996.764498362316,40.74003143404063,-73.97403016976489,40.73968067221471,-73.97425435549967,29.6,1.0,122434.0
2022-08-07,6003.186881534206,5993.501559915938,40.740076830680636,-73.97321132933891,40.73974271593118,-73.97329891076396,29.6,1.0,94695.0
2022-08-08,6074.130418604203,6069.192832012633,40.74237468366994,-73.97424822371534,40.7422170591179,-73.97413058059905,30.300000000000004,1.0,103871.0
2022-08-09,6061.798640946227,6057.139768553413,40.74177529925193,-73.97523330844756,40.741616696258596,-73.9751361135833,31.300000000000004,1.0,108816.0
2022-08-10,6070.193515192306,6062.413362880662,40.742099046849034,-73.97506945870578,40.74183142865915,-73.9750595637248,27.2,1.0,123320.0
2022-08-11,6067.900540106107,6059.325335260065,40.74206249318463,-73.97495210956396,40.74179855164026,-73.9748074852572,26.6,1.0,113852.0
2022-08-12,6049.079224868959,6042.932441629388,40.74147826038683,-73.97424829174123,40.741259127614704,-73.97439811633694,25.6,1.0,122293.0
2022-08-13,6016.981501327026,5999.603315993611,40.74033143989097,-73.97444174377245,40.73972022530606,-73.97478825293766,23.1,1.0,131501.0
2022-08-14,5988.747965155981,5975.699922814269,40.73942954572078,-73.97407303431888,40.738985471839,-73.97420044995255,24.0,1.0,111296.0
2022-08-15,6061.733987601823,6057.992961025679,40.74192267964379,-73.97442342214077,40.741811914217074,-73.9742915864675,24.3,1.0,111469.0
2022-08-16,6059.739118082903,6052.6987110059445,40.74177126717827,-73.97481852503765,40.74152270390514,-73.97479618111295,23.6,1.0,122146.0
2022-08-17,6057.250352770044,6053.309207229377,40.74157635920601,-73.97524183292133,40.74143196865073,-73.975255665312,23.6,1.0,120309.0
2022-08-18,6055.758203807741,6049.760826015887,40.74155298002216,-73.9748517344975,40.7413514198822,-73.9748961024452,24.1,1.0,121752.0
2022-08-19,6044.042760940806,6034.855391693216,40.741346602595684,-73.97385301980327,40.741041929079636,-73.97399514189527,26.3,1.0,120539.0
2022-08-20,5997.101421761448,5979.431093437196,40.73968873498317,-73.97343905236878,40.739080397502626,-73.97371704047164,27.9,1.0,128384.0
2022-08-21,5995.091958789089,5984.646649842959,40.73977023190178,-73.97266698332074,40.73942354671598,-73.97285042012244,25.3,1.0,110168.0
2022-08-22,6054.681461540255,6052.869200331203,40.74171935326437,-73.97319584146337,40.74165285213162,-73.97325570154615,24.5,1.0,85753.0
2022-08-23,6059.649701400399,6054.091066124231,40.74177259540703,-73.97474011805245,40.74159187171894,-73.97462768546883,25.9,1.0,118254.0
2022-08-24,6062.551620949258,6054.490916744163,40.74183274068661,-73.97478267361996,40.741567239333996,-73.97476058872283,26.9,1.0,122603.0
2022-08-25,6063.7875772159705,6056.528362098449,40.741976812628025,-73.97465101708679,40.74173558095843,-73.97464484662335,28.1,1.0,119895.0
2022-08-26,6070.856638728217,6059.952203083838,40.74224208211777,-73.9740021991049,40.74186237950737,-73.97409503602609,27.399999999999995,1.0,108574.0
2022-08-27,5971.094792384746,5962.151255532103,40.73890751011872,-73.9731857920223,40.73859365051963,-73.97345038850877,27.8,1.0,117503.0
2022-08-28,5974.2915871466685,5964.570733700199,40.738999544175954,-73.9730053475819,40.738660265051806,-73.97311703668596,24.6,1.0,107583.0
2022-08-29,6054.8334863422415,6050.229770935071,40.74163936259645,-73.97414715873954,40.74149683893284,-73.97406196067789,26.0,1.0,107926.0
2022-08-30,6059.3169900315215,6054.002638062271,40.74164107426697,-73.97494774336502,40.74143676910675,-73.97506564173798,26.8,1.0,113259.0
2022-08-31,6057.466332195399,6051.32861614002,40.74155151401942,-73.97511949154683,40.741333268974756,-73.97506421952616,25.6,1.0,123031.0
2022-09-01,6057.403955954189,6049.96403923122,40.74166013450489,-73.97467136540803,40.74139325078113,-73.97477759305356,25.9,1.0,121193.0
2022-09-02,6043.727702714333,6035.726117829324,40.74125213398887,-73.97397008118875,40.74098146614834,-73.97418916498955,21.7,1.0,116200.0
2022-09-03,6003.194518926564,5992.184061232087,40.74001692053427,-73.97377363416443,40.739619444181145,-73.9740600579994,22.8,1.0,107470.0
2022-09-04,6030.688352218884,6017.494397015828,40.74094594988496,-73.97365086689709,40.7404888711219,-73.97384395530548,25.3,1.0,99194.0
2022-09-05,6015.854179687917,6003.776971897932,40.74041275593688,-73.9739212357954,40.73998701918111,-73.97408907934634,25.8,1.0,93630.0
2022-09-06,6055.432800895735,6052.448335507692,40.741804355553235,-73.97262211502162,40.741747175583654,-73.97236944706775,23.3,1.0,40639.0
2022-09-07,6063.75235623613,6058.0092766773505,40.74180665445787,-73.97521460489885,40.74162012705391,-73.97507939392916,20.8,1.0,112652.0
2022-09-08,6063.809740692776,6055.971008388975,40.74169368937984,-73.97601203377192,40.74142843936788,-73.97604627360387,21.8,1.0,134364.0
2022-09-09,6034.939319619779,6025.762894575062,40.74083832546682,-73.97512853125964,40.740511313030616,-73.97536550678696,21.9,1.0,133400.0
2022-09-10,5961.643826638163,5947.582796004112,40.73838357947901,-73.9751004415439,40.73787947072204,-73.9753756560939,23.6,1.0,134252.0
2022-09-11,5991.02867402171,5981.3079135360595,40.73951644617818,-73.97306696131066,40.739172644815,-73.97321279951838,23.2,1.0,67620.0
2022-09-12,6063.2384895602345,6057.6066165407,40.74168586069264,-73.97563279099589,40.74150533695137,-73.97557318656496,22.4,1.0,114995.0
2022-09-13,6065.467040210133,6059.099188817599,40.74173555102483,-73.97576544766734,40.741524625394,-73.97569435117494,24.7,1.0,122211.0
2022-09-14,6063.928764321575,6054.695513898778,40.741649449452176,-73.97606139179886,40.74134696455725,-73.97600223638703,22.9,1.0,134851.0
2022-09-15,6055.27541594113,6047.795123339946,40.74137106914328,-73.97568911165733,40.741108993810286,-73.97576830471245,21.8,1.0,132087.0
2022-09-16,6024.576439738769,6017.730325650082,40.74039772753626,-73.97511428483833,40.74015456624427,-73.9752835148882,19.6,1.0,131380.0
2022-09-17,5951.705832705756,5942.617572567072,40.737949929113825,-73.97510858577554,40.73763247727162,-73.9753659451837,20.8,1.0,130130.0
2022-09-18,5980.657035693408,5970.250954178129,40.739010179722,-73.97472699727228,40.73863642884614,-73.97484725137711,23.4,1.0,116325.0
2022-09-19,6064.142449077006,6058.541352649475,40.741763115650485,-73.9749104477398,40.74156300004757,-73.97491686426291,25.6,1.0,102657.0
2022-09-20,6055.499718096089,6049.960226535471,40.74142516407914,-73.97564557158428,40.74123413429681,-73.97560425211378,23.2,1.0,129800.0
2022-09-21,6045.892509316956,6042.4021677666115,40.74102341581487,-73.97566336060004,40.74091095769845,-73.97570962877539,22.0,1.0,133363.0
2022-09-22,6046.4917791747985,6040.18776746741,40.7411565674822,-73.97509170267192,40.74096466920527,-73.97497350873479,21.8,1.0,101965.0
2022-09-23,6023.395409183403,6016.799076317303,40.74047218069377,-73.9746110263933,40.740208369596274,-73.97498591197419,15.1,1.0,113033.0
2022-09-24,5970.034247988374,5961.807690950988,40.73865910804654,-73.9748332002354,40.73834082781947,-73.97512153121721,14.5,1.0,112846.0
2022-09-25,5986.211401779524,5983.6306320922595,40.73922279665753,-73.97431304084509,40.73911731421253,-73.97438947588415,19.2,1.0,86541.0
2022-09-26,6062.132974729241,6054.478364496637,40.74175001822747,-73.97485325545932,40.7414937335911,-73.97490965352308,19.4,1.0,105262.0
2022-09-27,6053.904148824662,6046.3994224093485,40.741344163518065,-73.97575161889101,40.74108138538254,-73.97575681564872,19.7,1.0,116393.0
2022-09-28,6061.638676509893,6055.178149417187,40.74154708616781,-73.97591201918765,40.74133052386428,-73.97593130793815,17.2,1.0,123470.0
2022-09-29,6058.451007715476,6052.693615641093,40.741447845089596,-73.97571817567244,40.741240992130066,-73.9758014275863,16.6,1.0,121186.0
2022-09-30,6049.259076858886,6041.518524681377,40.741291803879285,-73.97485347743145,40.741019244644725,-73.97506133580873,14.5,1.0,115044.0
2022-10-01,5989.889650179524,5983.138935067114,40.73959131635026,-73.9731402362124,40.73935736103415,-73.97320039020033,14.8,1.0,59604.0
2022-10-02,6180.049970086632,6157.400082167833,40.74628048313067,-73.97170570035154,40.74548531071885,-73.97181766008731,15.199999999999998,1.0,51482.0
2022-10-03,6132.875009305336,6125.141076876391,40.74444649036628,-73.97313203067566,40.744077075201815,-73.97386885964887,11.5,1.0,49434.0
2022-10-04,6044.373457208943,6040.049906495209,40.741098222103865,-73.97467119953751,40.74100844355622,-73.97423076761751,10.3,1.0,51880.0
2022-10-05,5977.212994520192,5975.204527562471,40.73873694161227,-73.97478086203336,40.73868317144227,-73.97465262848117,13.8,1.0,69163.0
2022-10-06,6051.706127302722,6044.365621183569,40.74123586471477,-73.97564995893654,40.740982907803605,-73.97574273071884,17.6,1.0,123660.0
2022-10-07,6036.645550816881,6030.822782719393,40.74080801938012,-73.97491990308212,40.74058854071175,-73.9751363620343,20.3,1.0,123338.0
2022-10-08,5961.612470521509,5953.640365195933,40.738306484922205,-73.97402085902696,40.737996938916176,-73.97439294679641,13.9,1.0,100499.0
2022-10-09,5986.144571913966,5977.088896095571,40.73917560813138,-73.97384183994475,40.738842881158526,-73.97396704894642,12.3,1.0,93591.0
2022-10-10,6035.320306687092,6030.690948911957,40.740764672233226,-73.97470251239277,40.74061418854402,-73.97473899767407,15.8,1.0,95962.0
2022-10-11,6050.253076943704,6048.792423743966,40.741202704568785,-73.9756604550681,40.74115638707774,-73.97556350962705,17.0,1.0,111876.0
2022-10-12,6035.718610091395,6033.207932545008,40.74068678189404,-73.97578249257867,40.74060194208339,-73.97584475070887,17.9,1.0,118500.0
2022-10-13,6049.196549671844,6052.678838590436,40.741245058205784,-73.9749734705481,40.741304621448705,-73.9756720058707,18.7,1.0,73593.0
2022-10-14,6033.580706309008,6028.015473535541,40.740723311210374,-73.97530339998372,40.74054468491508,-73.97536394445757,15.7,1.0,114710.0
2022-10-15,5982.600473954176,5973.285191429008,40.73899309291881,-73.97554474499083,40.73865771431382,-73.97575488849452,16.2,1.0,117754.0
2022-10-16,5995.630008523206,5989.640947600028,40.73947989086984,-73.97472338004967,40.739256590873424,-73.9747395134035,16.1,1.0,100901.0
2022-10-17,6052.693827932709,6051.527590217244,40.74138348352251,-73.97469584791207,40.74134122276522,-73.97472869770063,16.6,1.0,88572.0
2022-10-18,6050.26962832578,6050.3477932498245,40.7411977264083,-73.97553266813333,40.741186532844516,-73.97552823511089,12.6,1.0,100843.0
2022-10-19,6045.552391993579,6042.982715441118,40.740937136748514,-73.97583308609374,40.74082838676404,-73.97586387171609,10.0,1.0,99671.0
2022-10-20,6049.706076691355,6046.063210814648,40.74108165360208,-73.975767154348,40.74095368512337,-73.9758571690966,11.1,1.0,104238.0
2022-10-21,6025.375024932485,6017.60746658555,40.740460757366684,-73.97511747700915,40.74016782689725,-73.97530258310704,13.4,1.0,108494.0
2022-10-22,5965.346537429785,5956.91043041439,40.73843709242434,-73.97494643476388,40.73813388969243,-73.97513537755684,14.4,1.0,111088.0
2022-10-23,6020.221443024254,6009.294834163894,40.740460179056534,-73.9733500374226,40.7400667079701,-73.97339679362638,14.7,1.0,66423.0
2022-10-24,6059.427191591119,6061.362631268257,40.74173217981187,-73.97463700741248,40.741792465019394,-73.97462183767477,14.1,1.0,66073.0
2022-10-25,6046.95722289132,6043.457051365808,40.741112880236045,-73.97565340366383,40.741023649940196,-73.97538335877206,16.9,1.0,97977.0
2022-10-26,6043.996176656207,6041.357193147774,40.74102685400199,-73.9756165235022,40.740931675589835,-73.9755183515608,18.3,1.0,112502.0
2022-10-27,6048.075212687634,6045.598729134363,40.74114843434062,-73.97546565272272,40.74104826456992,-73.97563981245368,16.9,1.0,115452.0
2022-10-28,6028.564676118516,6025.192156259728,40.74059249445163,-73.97483897280011,40.74045212482787,-73.97502452734163,11.3,1.0,106012.0
2022-10-29,5969.917844182137,5961.365383050459,40.73860743141183,-73.9745566431847,40.73828792912994,-73.97470788711756,10.8,1.0,104712.0
2022-10-30,5972.253952508699,5964.083926913363,40.73869869522213,-73.97413224077144,40.738408779928065,-73.97423911800341,12.5,1.0,95428.0
2022-10-31,6056.325190631978,6053.364911449731,40.74165117557328,-73.97428148166549,40.741540031974665,-73.9744378940093,14.400000000000002,1.0,96286.0
2022-11-01,6051.866363987412,6048.870259328989,40.741346994009355,-73.97506303301176,40.7412563137092,-73.97489926100836,16.9,1.0,103587.0
2022-11-02,6041.562408907919,6039.471807293666,40.74092289371576,-73.97560484927456,40.7408427484939,-73.97558678960219,17.6,1.0,117245.0
2022-11-03,6057.24479757085,6054.929036801922,40.74140864481866,-73.97546135230908,40.74133543446901,-73.97552879849633,15.7,1.0,116585.0
2022-11-04,6024.185097081647,6018.541982032898,40.74038415645969,-73.97538772705175,40.7401714319947,-73.97559653502954,15.2,1.0,118560.0
2022-11-05,5981.3827978053205,5973.014661458976,40.73901487817734,-73.9749129324601,40.738718975019815,-73.9752425888454,19.4,1.0,121749.0
2022-11-06,5988.669656652361,5976.693333915965,40.739373425606246,-73.97370064471733,40.738947641190585,-73.9736782621421,19.8,1.0,102986.0
2022-11-07,6026.128661875748,6029.64292958747,40.740563716579224,-73.9751758742524,40.740669560861576,-73.97512551581487,21.3,1.0,107010.0
2022-11-08,6022.339692061878,6023.784335419066,40.74024849612242,-73.97521329195123,40.740272391717134,-73.97535045816142,13.2,1.0,96386.0
2022-11-09,6054.510718746392,6053.667529919376,40.74135762494435,-73.97522265633283,40.74131175411807,-73.97529736097262,8.7,1.0,95277.0
2022-11-10,6065.802016703264,6065.292554741844,40.741852876058644,-73.97515012736329,40.74183014278919,-73.97519026530686,12.6,1.0,108844.0
2022-11-11,6042.685699758577,6043.091620726867,40.74107288618869,-73.97400618066253,40.741028184233826,-73.97430355213899,16.4,1.0,54676.0
2022-11-12,5989.779561157549,5980.1341055146995,40.73930280795184,-73.97471244765705,40.738965070848586,-73.97491792784996,19.7,1.0,113412.0
2022-11-13,5979.300379442635,5973.553606920515,40.73887272641567,-73.97379652760404,40.738676836118486,-73.9739431821277,12.9,1.0,69077.0
2022-11-14,6072.750009886241,6071.71025137811,40.742049171882016,-73.974653966521,40.74196426875186,-73.9747648008593,6.3,1.0,73842.0
2022-11-15,6082.872251703008,6083.760710541461,40.742272374044006,-73.97504854322838,40.742231681731134,-73.97552586160171,4.9,1.0,64299.0
2022-11-16,6068.745757121829,6066.0423159101565,40.7417567324053,-73.97540649114055,40.74167679192899,-73.97543650372901,7.300000000000001,1.0,76773.0
2022-11-17,6077.792347540313,6073.3773886132285,40.74209062274041,-73.97504823094805,40.74190563768963,-73.97515160615318,5.7,1.0,78202.0
2022-11-18,6069.118574604171,6064.830324327273,40.741995823792706,-73.97391731928104,40.74180783260135,-73.97412948549984,4.5,1.0,73328.0
2022-11-19,6005.504277256781,5995.982116928682,40.73983887764954,-73.97274578635651,40.73949012052135,-73.97300310726249,2.8,1.0,59288.0
2022-11-20,6030.920809479222,6024.683765356403,40.7407845759406,-73.97249537037797,40.74052599619173,-73.9725912500855,2.7,1.0,44857.0
2022-11-21,6103.1762680751735,6102.093311830125,40.74307824792007,-73.974081483469,40.743012807372445,-73.97407659202351,1.1,1.0,59545.0
2022-11-22,6103.660038333379,6099.3636987618875,40.743156458298174,-73.9740816266494,40.74299693057982,-73.97405847729989,6.6,1.0,73828.0
2022-11-23,6102.215279267051,6100.482249915156,40.743353885736504,-73.97318248409734,40.74324185743069,-73.97336724694156,9.4,1.0,73676.0
2022-11-24,6154.565716065417,6149.066567611271,40.74575047671573,-73.97019314463736,40.745551423464356,-73.97028025712957,8.1,1.0,37727.0
2022-11-25,6112.116784900219,6105.938996324898,40.743909350397466,-73.97176339385454,40.74367003586964,-73.97195567620986,10.0,1.0,42995.0
2022-11-26,6069.138786143716,6061.060143497153,40.74237453953598,-73.9722440987362,40.742048816291366,-73.97261362715825,9.3,1.0,59381.0
2022-11-27,6036.414375488918,6029.471798400649,40.74138499143938,-73.97135450873729,40.74113356684559,-73.97147287145303,10.7,1.0,34515.0
2022-11-28,6087.1293472803345,6086.282427219097,40.7426688722425,-73.97374793214917,40.742611344965745,-73.97382415636532,12.2,1.0,72897.0
2022-11-29,6080.549452881077,6078.308297787522,40.74228365065101,-73.97457400076611,40.74218078735453,-73.97461581589205,5.4,1.0,75269.0
2022-11-30,6070.8651624072545,6070.3324725113625,40.74194493670189,-73.97418782622312,40.741893620611044,-73.97430056113082,8.4,1.0,54587.0
2022-12-01,6076.925118737488,6076.854334786902,40.74209523967604,-73.97460053069379,40.74206390722432,-73.9748142423961,5.7,1.0,72936.0
2022-12-02,6054.765658482442,6050.6403217911175,40.74144766500139,-73.97394052920338,40.74129440746238,-73.97417483712049,3.4,1.0,74779.0
2022-12-03,5971.323896471004,5972.060266139541,40.73875034519817,-73.97302441718242,40.73878706960236,-73.97266694804716,10.6,1.0,45282.0
2022-12-04,5985.051087301206,5982.972890458572,40.739161572245834,-73.97320612127777,40.739035422745864,-73.97342254290044,7.0,1.0,62439.0
2022-12-05,6072.720901484847,6072.787153144112,40.74201210527191,-73.97420020141283,40.742002714118335,-73.97424534166765,5.4,1.0,73746.0
2022-12-06,6068.18880454251,6076.084816099401,40.74190544451032,-73.97397959648947,40.74208359910472,-73.9746953020516,9.3,1.0,52482.0
2022-12-07,6071.228708947846,6072.160995923122,40.741825202174724,-73.97514750282338,40.74190577097286,-73.97483508921692,13.8,1.0,73840.0
2022-12-08,6068.534677053888,6068.493276268257,40.74170331031965,-73.97514458287012,40.741697184856775,-73.97528636000742,11.6,1.0,89149.0
2022-12-09,6026.6646413562685,6022.72114086952,40.7404393684829,-73.97449128811677,40.74027302015096,-73.97479935859107,5.3,1.0,76623.0
2022-12-10,5961.445366220128,5954.993341400146,40.73829468225381,-73.97404113304546,40.738035279820366,-73.97429739407846,2.2,1.0,63227.0
2022-12-11,5971.138350193121,5972.9739925807835,40.73878709420115,-73.97251786355777,40.738789066410654,-73.97291928784512,3.4,1.0,32622.0
2022-12-12,6055.677352749512,6057.9120633355615,40.74122826886339,-73.9751467031011,40.741291482803405,-73.97523090067627,1.6,1.0,59847.0
2022-12-13,6060.15879935067,6060.482553390324,40.741353349540496,-73.97533511193039,40.74134066152984,-73.97537102611327,0.3,1.0,65298.0
2022-12-14,6060.5645656151,6061.536754782661,40.74136679559517,-73.97550606627443,40.74137925274749,-73.97565736098481,1.7,1.0,67233.0
2022-12-15,6069.914520837597,6072.103481434321,40.741783549701445,-73.97471232910678,40.74176453746582,-73.97551363108403,2.7,1.0,43983.0
2022-12-16,6009.4168451519545,6005.336377563628,40.740091894424665,-73.9732278106437,40.739963158479135,-73.97324720519032,6.2,1.0,28332.0
2022-12-17,5974.261421882659,5965.354006694165,40.738622288020736,-73.97385106960628,40.73830065358058,-73.974260838538,5.0,1.0,59161.0
2022-12-18,5956.235341225917,5953.565636197175,40.73813101686525,-73.97306445292666,40.73799448898662,-73.9733714218999,3.1,1.0,48062.0
2022-12-19,6036.545329238601,6039.594170401933,40.74067596226241,-73.97429508137074,40.740753132829006,-73.97445137232523,1.7,1.0,54217.0
2022-12-20,6040.799074577372,6039.691729802728,40.74073836807604,-73.97468624719443,40.740674081692234,-73.97492429101321,1.9,1.0,58503.0
2022-12-21,6034.894782837009,6035.219974419353,40.740614095706064,-73.97471723759934,40.74061339920061,-73.97484426763845,1.0,1.0,59034.0
2022-12-22,6038.151631732691,6041.105745258842,40.74093854229097,-73.97327062649158,40.74096796165841,-73.97361475022352,3.8000000000000003,1.0,39027.0
2022-12-23,6071.7271381718565,6073.491188684343,40.74227973235519,-73.97258439191837,40.742285708919866,-73.97310356482414,7.5,1.0,25917.0
2022-12-24,6098.785089857105,6100.422639193336,40.743543735752056,-73.97079552483038,40.7435719315724,-73.97107621305523,-11.700000000000001,1.0,11408.0
2022-12-25,6190.431165380375,6195.681119320689,40.74707228936931,-73.96923076476291,40.74724277231414,-73.9693531572121,-6.9,1.0,9070.0
2022-12-26,6090.264187310547,6084.5904980923015,40.74298175312953,-73.97190085235988,40.74275211440249,-73.97207254364594,-4.7,1.0,19134.0
2022-12-27,6100.402550097158,6097.999618596459,40.74298682245658,-73.9728724479007,40.74289128413358,-73.9729722069848,-0.7,1.0,32936.0
2022-12-28,6068.711509390955,6065.611182437824,40.74191779778133,-73.97306800500749,40.741813054408084,-73.97313360201659,3.3999999999999995,1.0,43873.0
2022-12-29,6061.004376468761,6057.522730857388,40.74163703531762,-73.97310406598027,40.74151387974218,-73.97327696237863,6.4,1.0,51489.0
2022-12-30,6049.5817972498635,6043.436635750286,40.741388596260315,-73.9734385416731,40.74115767203195,-73.9736634759514,9.3,1.0,62106.0
2022-12-31,5966.648607356879,5969.093480714058,40.73874581728335,-73.97171728025329,40.73879922251357,-73.97172318819959,8.2,1.0,31372.0
